Time,Res_8_bit,Res_10_bit,Res_12_bit
16:32:37,15757.578,16004.062,15975.26
16:32:38,16288.659,16110.261,16114.408
16:32:39,16020.41,16257.7,16256.729
16:32:40,16288.659,16271.186,16337.793
16:32:41,16562.498,16352.395,16361.53
16:32:42,16562.498,16475.156,16487.709
16:32:43,16562.498,16543.85,16516.867
16:32:44,16562.498,16502.59,16573.656
16:32:45,16562.498,16738.107,16634.145
16:32:47,16562.498,16599.064,16613.379
16:32:48,16562.498,16557.631,16644.549
16:32:49,16288.659,16543.85,16400.619
16:32:50,16288.659,16571.428,16407.43
16:32:51,16020.41,16244.228,16253.366
16:32:52,16288.659,16150.307,16192.914
16:32:53,16288.659,16217.325,16341.182
16:32:54,16562.498,16190.477,16451.779
16:32:55,16020.41,16365.979,16429.586
16:32:57,16020.41,15977.653,16310.718
16:32:58,16020.41,16110.261,16184.54
16:32:59,16020.41,16110.261,15996.697
16:33:00,16020.41,16177.072,15991.747
16:33:01,16020.41,16083.63,16112.737
16:33:02,16288.659,16083.63,15971.971
16:33:03,16020.41,16004.062,16062.88
16:33:04,15757.578,16057.055,15925.925
16:33:06,16562.498,15781.25,16079.479
16:33:07,16020.41,16083.63,16219.748
16:33:08,16020.41,16150.307,16164.464
16:33:09,16020.41,16096.938,16121.071
16:33:10,16020.41,16096.938,16109.413
16:33:11,16288.659,16043.788,16066.202
16:33:12,15757.578,16190.477,15993.402
16:33:13,16020.41,15938.13,16024.784
16:33:14,15757.578,16004.062,15878.411
16:33:16,15757.578,15990.854,15772.552
16:33:17,15500.003,15716.44,15837.597
16:33:18,15757.578,15794.251,15790.401
16:33:19,15500.003,15885.627,15803.402
16:33:20,15757.578,15768.262,15725.594
16:33:21,16020.41,15820.293,15857.17
16:33:22,15757.578,15833.334,15801.776
16:33:23,15757.578,15820.293,15834.331
16:33:24,15757.578,15859.454,15783.906
16:33:26,15757.578,15833.334,15777.414
16:33:27,15757.578,15742.321,15813.161
16:33:28,15757.578,15898.734,15792.025
16:33:29,15757.578,15768.262,15850.641
16:33:30,15757.578,15807.261,15902.97
16:33:31,15757.578,15846.387,15871.872
16:33:32,15757.578,15833.334,15751.478
16:33:33,15500.003,15911.854,15818.044
16:33:34,15757.578,15781.25,15795.275
16:33:36,16288.659,15820.293,15745.002
16:33:37,15757.578,15664.826,15809.908
16:33:38,15757.578,15807.261,15680.422
16:33:39,15500.003,15626.253,15616.16
16:33:40,15247.527,15460.428,15501.31
16:33:41,15500.003,15575,15496.546
16:33:42,15247.527,15409.837,15553.823
16:33:43,15757.578,15372.022,15447.425
16:33:45,15500.003,15359.443,15510.837
16:33:46,15247.527,15409.837,15487.024
16:33:47,15500.003,15397.22,15480.682
16:33:48,15500.003,15372.022,15436.364
16:33:49,15247.527,15309.252,15422.148
16:33:50,15247.527,15384.615,15455.339
16:33:51,15757.578,15234.334,15365.461
16:33:52,15247.527,15172.243,15313.719
16:33:53,15247.527,15122.788,15196.898
16:33:55,15247.527,15172.243,15212.412
16:33:56,15500.003,14999.999,15098.062
16:33:57,15247.527,15159.863,15167.476
16:33:58,15000.001,15259.26,15187.6
16:33:59,15247.527,15085.827,15067.334
16:34:00,15247.527,15197.045,15190.698
16:34:01,15000.001,15073.53,15161.29
16:34:02,15000.001,15135.136,15102.676
16:34:03,15247.527,15209.464,15121.158
16:34:05,15000.001,15159.863,15248.17
16:34:06,15000.001,15184.636,15173.666
16:34:07,15500.003,15122.788,15122.702
16:34:08,15000.001,15271.74,15073.476
16:34:09,15247.527,15159.863,15022.916
16:34:10,15000.001,14926.899,15021.384
16:34:11,15000.001,15110.454,15019.857
16:34:12,14757.284,14999.999,15099.602
16:34:13,15000.001,14987.786,14964.944
16:34:15,15000.001,14878.403,15076.549
16:34:16,15000.001,14963.398,14971.038
16:34:17,15000.001,14890.513,14873.958
16:34:18,15000.001,14842.157,14904.212
16:34:19,15000.001,14890.513,14869.428
16:34:20,15000.001,14793.991,14801.643
16:34:21,14757.284,14902.63,14936.061
16:34:22,15247.527,14746.008,14854.331
16:34:24,14757.284,14866.31,14876.979
16:34:25,14519.231,14854.229,14836.244
16:34:26,14757.284,14830.099,14815.175
16:34:27,14757.284,14806.012,14782.136
16:34:28,14757.284,14746.008,14746.194
16:34:29,15000.001,14698.212,14692.476
16:34:30,14757.284,14591.346,14714.832
16:34:31,14285.716,14520.613,14587.21
16:34:32,14519.231,14722.089,14538.591
16:34:34,14519.231,14520.613,14570.982
16:34:35,14519.231,14497.128,14523.895
16:34:36,14519.231,14450.285,14430.257
16:34:37,14285.716,14391.987,14360.501
16:34:38,13831.777,14207.289,14308.44
16:34:39,14056.604,14241.706,14194.979
16:34:40,14056.604,14253.203,14199.268
16:34:41,14285.716,14138.746,14215.005
16:34:42,14285.716,14218.75,14298.343
16:34:44,14285.716,14195.839,14266.666
16:34:45,13611.113,14230.222,14199.268
16:34:46,14056.604,14345.55,14315.655
16:34:47,14285.716,14241.706,14229.333
16:34:48,14285.716,14115.982,14289.698
16:34:49,14285.716,14230.222,14270.981
16:34:50,14285.716,14276.222,14215.005
16:34:51,14285.716,14310.838,14312.768
16:34:53,14056.604,14207.289,14283.933
16:34:54,14056.604,14184.396,14356.151
16:34:55,14056.604,14230.222,14282.497
16:34:56,14285.716,14218.75,14392.424
16:34:57,14285.716,14218.75,14173.554
16:34:58,14056.604,14127.358,14212.143
16:34:59,14056.604,14104.618,14343.121
16:35:00,14285.716,14195.839,14263.793
16:35:01,14285.716,14253.203,14285.375
16:35:03,14056.604,14380.363,14325.771
16:35:04,14056.604,14138.746,14268.105
16:35:05,13831.777,14218.75,14330.103
16:35:06,13831.777,14264.708,14233.637
16:35:07,14056.604,14264.708,14196.408
16:35:08,14056.604,14081.923,14283.933
16:35:09,14056.604,14059.266,14166.421
16:35:10,13831.777,13969.074,14006.331
16:35:11,14056.604,14104.618,14082.57
16:35:13,14056.604,13980.312,14048.625
16:35:14,13831.777,13935.423,13983.835
16:35:15,13611.113,13669.597,13860.854
16:35:16,13831.777,13757.55,13810.909
16:35:17,13831.777,13658.65,13802.604
16:35:18,13611.113,13713.491,13827.532
16:35:19,13831.777,13846.154,13815.063
16:35:20,13611.113,13857.276,13779.104
16:35:22,13611.113,13890.705,13765.304
16:35:23,13611.113,13812.851,13853.906
16:35:24,14056.604,13812.851,13791.54
16:35:25,13611.113,13735.498,13809.527
16:35:26,13831.777,13669.597,13743.261
16:35:27,13831.777,13757.55,13846.959
16:35:28,13611.113,13625.866,13783.25
16:35:29,13611.113,13636.783,13710.264
16:35:30,13394.496,13625.866,13637.729
16:35:31,13611.113,13691.524,13633.637
16:35:33,13611.113,13582.296,13600.942
16:35:34,13181.82,13593.176,13732.251
16:35:35,13394.496,13506.434,13571.058
16:35:36,13394.496,13582.296,13639.091
16:35:37,13831.777,13604.061,13560.206
16:35:38,13611.113,13549.724,13429.454
16:35:39,13394.496,13517.241,13648.647
16:35:40,13394.496,13484.852,13511.514
16:35:42,13394.496,13484.852,13527.721
16:35:43,13394.496,13517.241,13542.603
16:35:44,13611.113,13441.796,13492.626
16:35:45,13394.496,13441.796,13467.051
16:35:46,13181.82,13495.636,13410.702
16:35:47,13181.82,13463.303,13469.737
16:35:48,13394.496,13409.611,13446.894
16:35:49,13394.496,13271.158,13469.737
16:35:50,13394.496,13334.854,13293.517
16:35:52,13394.496,13377.517,13316.062
16:35:53,13181.82,13186.764,13134.284
16:35:54,13181.82,13102.982,13207.707
16:35:55,13394.496,13113.421,13180.12
16:35:56,12972.974,13155.274,13159.146
16:35:57,12972.974,13061.317,13165.697
16:35:58,13181.82,13040.541,13009.497
16:35:59,12972.974,13061.317,12982.377
16:36:00,12972.974,13082.13,13004.323
16:36:02,12767.858,12875.672,12921.914
16:36:03,12767.858,12926.939,12895
16:36:04,12566.372,12834.822,12955.323
16:36:05,12767.858,12834.822,12798.128
16:36:06,12767.858,12814.453,12801.94
16:36:07,12767.858,12763.687,12798.128
16:36:08,12767.858,12713.145,12741.157
16:36:09,12566.372,12733.334,12702.073
16:36:11,12767.858,12592.757,12621.811
16:36:12,12566.372,12723.235,12681.955
16:36:13,12566.372,12682.928,12619.311
16:36:14,12566.372,12753.56,12636.817
16:36:15,12566.372,12692.991,12702.073
16:36:16,12566.372,12753.56,12728.535
16:36:17,12767.858,12662.828,12765.178
16:36:18,12767.858,12814.453,12658.107
16:36:19,12767.858,12692.991,12768.973
16:36:21,12972.974,12733.334,12781.641
16:36:22,12767.858,12763.687,12742.418
16:36:23,12767.858,12783.965,12670.65
16:36:24,12368.423,12682.928,12758.85
16:36:25,12566.372,12602.74,12608.07
16:36:26,12566.372,12582.782,12588.121
16:36:27,12972.974,12682.928,12616.811
16:36:28,12566.372,12572.816,12615.563
16:36:29,12767.858,12703.063,12593.104
16:36:31,12368.423,12552.911,12571.931
16:36:32,12566.372,12533.04,12619.311
16:36:33,12368.423,12572.816,12604.326
16:36:34,12566.372,12612.732,12549.561
16:36:35,12566.372,12622.734,12528.471
16:36:36,12368.423,12493.404,12483.938
16:36:37,12566.372,12473.64,12538.393
16:36:38,12566.372,12552.911,12509.894
16:36:40,12368.423,12444.055,12462.975
16:36:41,12368.423,12473.64,12421.158
16:36:42,12368.423,12424.376,12472.835
16:36:43,12368.423,12434.212,12455.581
16:36:44,12173.914,12394.922,12330.68
16:36:45,12173.914,12404.731,12351.397
16:36:46,12173.914,12326.496,12324.591
16:36:47,12173.914,12326.496,12336.768
16:36:48,12173.914,12277.876,12361.163
16:36:50,12173.914,12190.891,12279.652
16:36:51,12173.914,12297.299,12255.437
16:36:52,12173.914,12200.522,12207.16
16:36:53,11982.761,12239.132,12120.787
16:36:54,12173.914,12114.139,12179.493
16:36:55,11982.761,12190.891,12173.489
16:36:56,11982.761,12152.447,12110.034
16:36:57,12173.914,12056.923,12061.199
16:36:58,12173.914,12056.923,12000.752
16:37:00,12173.914,11981.089,11918.319
16:37:01,11794.873,11821.674,11890.201
16:37:02,11610.171,11765.959,11856.317
16:37:03,11610.171,11673.73,11769.176
16:37:04,11610.171,11682.918,11620.909
16:37:05,11428.573,11573.174,11657.499
16:37:06,11610.171,11627.909,11632.332
16:37:07,11794.873,11664.547,11539.027
16:37:08,11610.171,11646.215,11617.482
16:37:10,11610.171,11582.28,11658.645
16:37:11,11610.171,11500.633,11525.442
16:37:12,11428.573,11464.542,11551.494
16:37:13,11428.573,11446.543,11494.933
16:37:14,11428.573,11573.174,11497.192
16:37:15,11428.573,11500.633,11531.104
16:37:16,11428.573,11491.598,11542.43
16:37:17,11428.573,11582.28,11587.855
16:37:19,11428.573,11664.547,11612.921
16:37:20,11428.573,11554.996,11600.38
16:37:21,11610.171,11728.974,11596.96
16:37:22,11610.171,11692.114,11615.202
16:37:23,11428.573,11591.391,11628.9
16:37:24,11610.171,11600.509,11612.921
16:37:25,11610.171,11618.765,11678.138
16:37:26,11794.873,11618.765,11549.229
16:37:27,11610.171,11646.215,11646.052
16:37:29,11610.171,11719.747,11628.9
16:37:30,11610.171,11637.057,11683.877
16:37:31,11610.171,11655.375,11623.191
16:37:32,11610.171,11573.174,11604.938
16:37:33,11982.761,11527.776,11624.334
16:37:34,11610.171,11527.776,11642.616
16:37:35,11610.171,11627.909,11601.52
16:37:36,11610.171,11618.765,11553.77
16:37:37,11428.573,11591.391,11525.442
16:37:39,11428.573,11500.633,11537.894
16:37:40,11610.171,11637.057,11567.389
16:37:41,11610.171,11618.765,11472.391
16:37:42,11250.001,11446.543,11485.914
16:37:43,11610.171,11428.569,11424.087
16:37:44,11794.873,11464.542,11473.52
16:37:45,11250.001,11464.542,11454.396
16:37:46,11250.001,11268.19,11321.461
16:37:47,11250.001,11348.078,11417.366
16:37:49,11250.001,11330.276,11276.045
16:37:50,11250.001,11294.754,11294.853
16:37:51,11250.001,11153.849,11281.571
16:37:52,11074.382,11188.9,11203.333
16:37:53,11074.382,11153.849,11253.959
16:37:54,11074.382,11206.466,11107.157
16:37:55,11074.382,10988.92,11108.248
16:37:56,11074.382,11023.43,11038.842
16:37:58,10901.641,10971.712,11009.695
16:37:59,10901.641,11006.158,11004.308
16:38:00,11074.382,11101.486,11075.657
16:38:01,11074.382,11075.4,11099.546
16:38:02,11074.382,11171.356,11114.778
16:38:03,10901.641,11145.103,11177.019
16:38:04,11250.001,11171.356,11154.045
16:38:05,11074.382,11040.724,11103.897
16:38:06,11074.382,11162.597,11173.733
16:38:08,11074.382,11101.486,11115.865
16:38:09,11250.001,11180.123,11127.85
16:38:10,10901.641,11118.909,11135.482
16:38:11,11074.382,11092.782,11093.026
16:38:12,10731.709,11049.382,10992.465
16:38:13,10901.641,11110.196,11107.157
16:38:14,10901.641,10963.113,11007.54
16:38:15,10901.641,11014.793,11041.002
16:38:16,11074.382,10963.113,10980.634
16:38:18,10901.641,10954.525,10994.617
16:38:19,10901.641,10954.525,11007.54
16:38:20,10731.709,10843.522,10893.926
16:38:21,10901.641,10784.233,10833.334
16:38:22,10731.709,10725.286,10776.258
16:38:23,10731.709,10708.501,10621.412
16:38:24,10564.517,10600.083,10660.95
16:38:25,10564.517,10600.083,10616.219
16:38:27,10564.517,10600.083,10640.122
16:38:28,10564.517,10641.648,10624.528
16:38:29,10564.517,10633.319,10654.695
16:38:30,10731.709,10608.38,10666.162
16:38:31,10901.641,10675.019,10718.442
16:38:32,10564.517,10583.501,10660.95
16:38:33,10731.709,10600.083,10630.764
16:38:34,10731.709,10501.002,10563.423
16:38:35,10400.001,10517.452,10489.342
16:38:37,10400.001,10550.422,10470.906
16:38:38,10400.001,10509.222,10563.423
16:38:39,10564.517,10616.687,10553.103
16:38:40,10400.001,10550.422,10517.062
16:38:41,10400.001,10517.452,10543.821
16:38:42,10400.001,10468.188,10430.055
16:38:43,10400.001,10419.161,10451.48
16:38:44,10400.001,10394.739,10463.743
16:38:45,10564.517,10337.972,10525.285
16:38:47,10564.517,10484.581,10524.258
16:38:48,10564.517,10550.422,10608.959
16:38:49,10564.517,10608.38,10571.686
16:38:50,10564.517,10624.999,10598.593
16:38:51,10731.709,10649.979,10627.645
16:38:52,10564.517,10583.501,10605.846
16:38:53,10564.517,10583.501,10626.604
16:38:54,10400.001,10591.787,10645.324
16:38:55,10564.517,10616.687,10603.773
16:38:57,10564.517,10624.999,10603.773
16:38:58,10564.517,10633.319,10583.061
16:38:59,10564.517,10616.687,10529.403
16:39:00,10238.096,10533.922,10539.701
16:39:01,10564.517,10517.452,10517.062
16:39:02,10400.001,10468.188,10509.866
16:39:03,10400.001,10427.316,10472.952
16:39:04,10238.096,10492.788,10397.488
16:39:06,10400.001,10451.818,10435.153
16:39:07,10238.096,10337.972,10409.69
16:39:08,10400.001,10378.486,10417.83
16:39:09,10400.001,10346.063,10342.774
16:39:10,10400.001,10394.739,10366.042
16:39:11,10238.096,10346.063,10357.942
16:39:12,10564.517,10419.161,10317.54
16:39:13,10400.001,10281.522,10316.53
16:39:14,10238.096,10273.486,10260.241
16:39:16,10078.741,10297.619,10223.222
16:39:17,10238.096,10313.743,10218.229
16:39:18,10238.096,10225.386,10262.247
16:39:19,10238.096,10265.452,10325.607
16:39:20,10238.096,10249.406,10322.581
16:39:21,10238.096,10329.888,10329.643
16:39:22,10238.096,10305.677,10274.285
16:39:23,10078.741,10281.522,10286.336
16:39:24,10400.001,10281.522,10266.258
16:39:26,10238.096,10297.619,10297.397
16:39:27,10564.517,10209.403,10284.328
16:39:28,10238.096,10249.406,10271.271
16:39:29,10238.096,10249.406,10235.214
16:39:30,10400.001,10257.426,10207.254
16:39:31,10238.096,10217.392,10177.384
16:39:32,10078.741,10145.727,10180.367
16:39:33,9921.876,10129.87,10173.409
16:39:34,9921.876,10074.567,10134.724
16:39:36,10078.741,10121.951,10163.477
16:39:37,10078.741,10098.232,10069.596
16:39:38,10078.741,10090.338,10098.159
16:39:39,9921.876,10043.104,10077.466
16:39:40,10078.741,9996.091,10038.167
16:39:41,9921.876,9980.469,10042.091
16:39:42,10078.741,10098.232,9977.558
16:39:43,10238.096,10058.824,10032.287
16:39:45,9921.876,10074.567,10079.437
16:39:46,9767.441,10137.795,9987.309
16:39:47,10078.741,10011.737,9958.084
16:39:48,10078.741,10019.569,9952.25
16:39:49,10078.741,9949.298,10021.512
16:39:50,9767.441,10035.253,9959.059
16:39:51,9921.876,10043.104,10031.305
16:39:52,9921.876,9925.983,9964.897
16:39:53,10078.741,9902.724,9914.408
16:39:55,9767.441,9887.248,9850.695
16:39:56,9767.441,9840.962,9862.251
16:39:57,9767.441,9864.077,9860.322
16:39:58,9767.441,9710.983,9759.698
16:39:59,9767.441,9718.581,9698.864
16:40:00,9767.441,9673.077,9687.499
16:40:01,9615.385,9665.513,9661.033
16:40:02,9615.385,9688.222,9657.259
16:40:03,9615.385,9673.077,9650.655
16:40:05,9615.385,9642.857,9692.233
16:40:06,9615.385,9642.857,9606.436
16:40:07,9615.385,9567.713,9613.009
16:40:08,9615.385,9597.701,9544.674
16:40:09,9465.648,9575.2,9558.677
16:40:10,9615.385,9493.141,9526.966
16:40:11,9615.385,9582.695,9513.938
16:40:12,9465.648,9552.751,9546.54
16:40:13,9465.648,9463.47,9508.361
16:40:15,9318.182,9530.355,9416.785
16:40:16,9615.385,9522.901,9509.29
16:40:17,9465.648,9441.276,9499.999
16:40:18,9465.648,9470.88,9430.605
16:40:19,9465.648,9382.342,9421.39
16:40:20,9318.182,9382.342,9350.724
16:40:21,9318.182,9367.663,9385.532
16:40:22,9318.182,9316.465,9288.742
16:40:24,9172.933,9287.331,9250.659
16:40:25,9172.933,9229.322,9235.286
16:40:26,9318.182,9272.797,9236.188
16:40:27,9318.182,9251.035,9309.662
16:40:28,9172.933,9243.792,9222.644
16:40:29,9172.933,9142.963,9248.849
16:40:30,9172.933,9236.556,9223.549
16:40:31,9172.933,9142.963,9228.063
16:40:32,9029.851,9128.646,9145.354
16:40:34,9318.182,9135.802,9124.791
16:40:35,9029.851,9142.963,9210.021
16:40:36,9172.933,9092.946,9127.469
16:40:37,9172.933,9121.495,9167.758
16:40:38,9172.933,9092.946,9162.378
16:40:39,9172.933,9135.802,9149.831
16:40:40,9029.851,9121.495,9120.326
16:40:41,9029.851,9157.303,9087.35
16:40:42,9029.851,9092.946,9004.967
16:40:44,9029.851,9043.187,9043.854
16:40:45,9029.851,9057.378,9044.741
16:40:46,9029.851,9078.702,9057.146
16:40:47,9029.851,9007.803,8966.236
16:40:48,8888.89,9021.942,8982.941
16:40:49,9029.851,9057.378,8994.387
16:40:50,9029.851,9029.018,9074.9
16:40:51,9029.851,9064.479,9097.141
16:40:52,9172.933,9157.303,9124.791
16:40:54,9029.851,9135.802,9166.862
16:40:55,9172.933,9171.663,9208.217
16:40:56,9172.933,9207.66,9227.156
16:40:57,9172.933,9222.097,9228.963
16:40:58,9172.933,9229.322,9215.429
16:40:59,9172.933,9186.046,9259.713
16:41:00,9172.933,9207.66,9201.913
16:41:01,9029.851,9100.074,9190.214
16:41:03,9172.933,9171.663,9191.113
16:41:04,9172.933,9150.131,9180.328
16:41:05,9172.933,9222.097,9166.862
16:41:06,9318.182,9193.245,9194.712
16:41:07,9172.933,9171.663,9185.719
16:41:08,9318.182,9243.792,9219.037
16:41:09,9172.933,9092.946,9156.999
16:41:10,9172.933,9150.131,9151.624
16:41:11,9172.933,9114.35,9154.31
16:41:13,8888.89,9100.074,9156.999
16:41:14,9029.851,9100.074,9102.487
16:41:15,9029.851,9150.131,9130.151
16:41:16,9029.851,9142.963,9153.414
16:41:17,9172.933,9114.35,9128.362
16:41:18,9029.851,9128.646,9126.576
16:41:19,8888.89,9107.209,9009.377
16:41:20,8888.89,9029.018,9051.828
16:41:21,8888.89,8979.592,9012.906
16:41:23,8478.261,8944.444,9004.083
16:41:24,9029.851,9014.869,8989.104
16:41:25,9029.851,8944.444,8982.061
16:41:26,9029.851,8902.438,8928.538
16:41:27,8750,8874.538,8843.181
16:41:28,8750,8902.438,8889.248
16:41:29,8750,8756.875,8752.577
16:41:30,8750,8777.532,8783.543
16:41:32,8888.89,8881.506,8869.23
16:41:33,8888.89,8846.721,8892.733
16:41:34,8750,8860.619,8870.968
16:41:35,8888.89,8895.456,8927.663
16:41:36,8888.89,8902.438,8875.317
16:41:37,8888.89,8937.431,8882.281
16:41:38,8750,8958.487,8919.793
16:41:39,8888.89,8916.42,8969.751
16:41:40,8888.89,8888.479,8849.253
16:41:42,8888.89,8763.756,8799.927
16:41:43,8750,8729.403,8756.872
16:41:44,8613.139,8661.071,8678.16
16:41:45,8613.139,8654.267,8629.727
16:41:46,8478.261,8572.985,8615.328
16:41:47,8613.139,8593.237,8531.088
16:41:48,8478.261,8552.774,8517.68
16:41:49,8613.139,8479.045,8491.76
16:41:50,8478.261,8492.406,8448.439
16:41:52,8345.324,8339.907,8423.54
16:41:53,8478.261,8399.281,8400.359
16:41:54,8345.324,8339.907,8381.361
16:41:55,8345.324,8372.845,8375.589
16:41:56,8345.324,8459.039,8444.285
16:41:57,8345.324,8452.381,8505.964
16:41:58,8478.261,8386.054,8498.442
16:41:59,8613.139,8492.406,8510.984
16:42:00,8613.139,8572.985,8527.736
16:42:02,8478.261,8600,8549.556
16:42:03,8478.261,8606.766,8564.691
16:42:04,8613.139,8552.774,8682.421
16:42:05,8613.139,8613.537,8647.541
16:42:06,8613.139,8667.883,8667.093
16:42:07,8613.139,8627.093,8656.886
16:42:08,8478.261,8647.466,8644.993
16:42:09,8478.261,8661.071,8669.645
16:42:11,8613.139,8627.093,8694.362
16:42:12,8613.139,8661.071,8586.603
16:42:13,8478.261,8633.88,8591.666
16:42:14,8478.261,8606.766,8578.17
16:42:15,8478.261,8525.896,8595.887
16:42:16,8478.261,8572.985,8613.636
16:42:17,8478.261,8572.985,8609.406
16:42:18,8613.139,8593.237,8642.448
16:42:19,8613.139,8606.766,8590.821
16:42:21,8613.139,8586.482,8628.879
16:42:22,8613.139,8552.774,8598.419
16:42:23,8478.261,8532.608,8556.279
16:42:24,8345.324,8485.725,8523.546
16:42:25,8478.261,8505.789,8426.025
16:42:26,8478.261,8366.248,8495.101
16:42:27,8345.324,8452.381,8434.32
16:42:28,8478.261,8366.248,8447.607
16:42:29,8214.285,8366.248,8387.966
16:42:31,8345.324,8254.818,8306.584
16:42:32,8214.285,8339.907,8322.967
16:42:33,8345.324,8300.537,8295.953
16:42:34,8345.324,8287.451,8337.737
16:42:35,8214.285,8254.818,8317.23
16:42:36,8214.285,8300.537,8309.041
16:42:37,8214.285,8248.305,8254.357
16:42:38,8214.285,8202.846,8287.782
16:42:39,8478.261,8248.305,8335.272
16:42:41,8345.324,8164.062,8322.148
16:42:42,8214.285,8300.537,8282.882
16:42:43,8345.324,8333.334,8291.049
16:42:44,8214.285,8287.451,8304.131
16:42:45,8345.324,8313.641,8403.667
16:42:46,8345.324,8372.845,8353.353
16:42:47,8214.285,8353.068,8333.633
16:42:48,8085.106,8326.764,8342.665
16:42:50,8478.261,8372.845,8368.171
16:42:51,8345.324,8248.305,8315.591
16:42:52,8085.106,8254.818,8269.831
16:42:53,8085.106,8280.914,8280.435
16:42:54,8345.324,8196.37,8191.107
16:42:55,8085.106,8222.302,8197.573
16:42:56,8214.285,8176.973,8246.224
16:42:57,8214.285,8189.9,8224.299
16:42:58,8214.285,8157.615,8234.851
16:43:00,8214.285,8189.9,8227.544
16:43:01,8345.324,8215.812,8214.573
16:43:02,8214.285,8215.812,8230.791
16:43:03,8214.285,8228.794,8207.283
16:43:04,8085.106,8267.856,8228.355
16:43:05,8214.285,8183.434,8204.854
16:43:06,8085.106,8196.37,8225.11
16:43:07,8085.106,8106.194,8182.222
16:43:08,8085.106,8112.606,8135.518
16:43:10,8085.106,8067.82,8060.333
16:43:11,8085.106,8106.194,8106.651
16:43:12,7832.168,8035.965,8113.057
16:43:13,7957.746,8131.867,8104.249
16:43:14,7957.746,8125.443,8088.255
16:43:15,7957.746,8061.44,8061.927
16:43:16,8214.285,7997.888,8094.65
16:43:17,8085.106,8074.204,8053.167
16:43:18,7957.746,8035.965,8046.008
16:43:20,7957.746,8023.255,8032.499
16:43:21,7957.746,7972.593,7940.069
16:43:22,7957.746,7934.782,7996.835
16:43:23,7957.746,7978.91,7966.042
16:43:24,7957.746,7985.232,7981.03
16:43:25,8085.106,7978.91,7992.092
16:43:26,7957.746,7991.558,7981.82
16:43:27,7832.168,7966.279,7944.785
16:43:28,7957.746,7966.279,7973.927
16:43:30,7957.746,7966.279,7951.078
16:43:31,7832.168,7947.368,7914.169
16:43:32,7832.168,7872.117,7872.73
16:43:33,7832.168,7878.364,7888.346
16:43:34,7708.333,7859.637,7832.258
16:43:35,7708.333,7797.495,7839.251
16:43:36,7832.168,7809.888,7797.383
16:43:37,7708.333,7748.091,7808.219
16:43:39,7832.168,7785.118,7789.652
16:43:40,7708.333,7816.092,7760.333
16:43:41,7832.168,7778.936,7781.155
16:43:42,7465.754,7760.417,7752.634
16:43:43,7708.333,7735.784,7769.581
16:43:44,7708.333,7729.636,7751.863
16:43:45,7708.333,7735.784,7701.983
16:43:46,7586.207,7717.353,7688.985
16:43:47,7586.207,7754.251,7675.241
16:43:49,7708.333,7692.839,7714.236
16:43:50,7586.207,7680.608,7705.811
16:43:51,7586.207,7644.015,7663.805
16:43:52,7465.754,7631.851,7679.057
16:43:53,7465.754,7595.459,7627.31
16:43:54,7465.754,7565.247,7581.144
16:43:55,7465.754,7559.217,7520.965
16:43:56,7465.754,7469.262,7467.155
16:43:57,7346.939,7344.863,7432.208
16:43:59,7229.73,7392.043,7348.754
16:44:00,7346.939,7327.236,7351.695
16:44:01,7229.73,7297.938,7287.233
16:44:02,7346.939,7315.504,7336.27
16:44:03,7346.939,7321.368,7342.876
16:44:04,7346.939,7338.983,7355.372
16:44:05,7229.73,7350.747,7371.569
16:44:06,7346.939,7309.645,7340.673
16:44:08,7229.73,7268.738,7328.199
16:44:09,7346.939,7315.504,7277.752
16:44:10,7229.73,7228.023,7246.461
16:44:11,7346.939,7222.222,7260.274
16:44:12,7346.939,7257.085,7235.574
16:44:13,7114.094,7228.023,7208.051
16:44:14,7114.094,7239.636,7209.498
16:44:15,7229.73,7257.085,7287.233
16:44:16,7229.73,7245.448,7290.154
16:44:18,7229.73,7245.448,7289.424
16:44:19,7346.939,7344.863,7345.08
16:44:20,7346.939,7362.525,7364.939
16:44:21,7346.939,7286.245,7361.995
16:44:22,7346.939,7368.421,7370.096
16:44:23,7465.754,7409.803,7399.618
16:44:24,7346.939,7457.338,7407.753
16:44:25,7346.939,7392.043,7462.687
16:44:26,7346.939,7451.382,7432.95
16:44:28,7465.754,7451.382,7414.417
16:44:29,7346.939,7397.959,7444.09
16:44:30,7465.754,7368.421,7447.806
16:44:31,7586.207,7445.43,7452.268
16:44:32,7346.939,7409.803,7438.89
16:44:33,7346.939,7392.043,7438.89
16:44:34,7346.939,7292.089,7401.836
16:44:35,7114.094,7344.863,7342.876
16:44:36,7229.73,7327.236,7345.08
16:44:38,7346.939,7286.245,7316.475
16:44:39,7346.939,7344.863,7320.137
16:44:40,7346.939,7350.747,7303.305
16:44:41,7346.939,7427.598,7361.258
16:44:42,7229.73,7297.938,7337.736
16:44:43,7346.939,7344.863,7358.315
16:44:44,7346.939,7344.863,7345.08
16:44:45,7346.939,7286.245,7293.075
16:44:47,7229.73,7321.368,7247.915
16:44:48,7229.73,7309.645,7300.38
16:44:49,7229.73,7257.085,7277.752
16:44:50,7229.73,7210.632,7251.549
16:44:51,7114.094,7257.085,7239.201
16:44:52,7229.73,7158.671,7197.211
16:44:53,7114.094,7181.727,7188.549
16:44:54,7114.094,7210.632,7202.991
16:44:55,7229.73,7158.671,7194.324
16:44:57,7114.094,7124.205,7151.114
16:44:58,7114.094,7141.421,7120.996
16:44:59,7114.094,7101.304,7099.548
16:45:00,7114.094,7055.686,7109.551
16:45:01,7114.094,7147.167,7136.042
16:45:02,7114.094,7170.191,7121.713
16:45:03,7114.094,7152.917,7123.145
16:45:04,7000,7032.967,7126.009
16:45:05,7000,7135.679,7098.122
16:45:07,7229.73,7170.191,7091.698
16:45:08,7114.094,7078.465,7117.417
16:45:09,7114.094,7107.023,7081.004
16:45:10,7229.73,7061.375,7059.656
16:45:11,7000,7050,7093.839
16:45:12,7000,7095.588,7106.691
16:45:13,7114.094,7089.876,7090.986
16:45:14,7000,7050,7125.293
16:45:16,7114.094,7112.747,7098.122
16:45:17,7114.094,7118.474,7093.125
16:45:18,7114.094,7101.304,7114.557
16:45:19,7114.094,7067.067,7101.692
16:45:20,7114.094,7095.588,7099.548
16:45:21,7000,7038.641,7082.429
16:45:22,7000,7095.588,7058.236
16:45:23,7000,7050,7046.874
16:45:24,7000,6999.003,7051.133
16:45:26,6776.316,6976.436,6999.46
16:45:27,7000,6965.175,6990.292
16:45:28,6887.417,6953.928,6976.908
16:45:29,6887.417,6909.091,6892.17
16:45:30,6776.316,6847.826,6873.377
16:45:31,6666.667,6864.491,6869.207
16:45:32,6776.316,6814.596,6824.158
16:45:33,6776.316,6814.596,6792.422
16:45:34,6558.441,6798.03,6730.675
16:45:36,6776.316,6726.619,6756.005
16:45:37,6666.667,6787.004,6759.434
16:45:38,6666.667,6759.502,6744.357
16:45:39,6776.316,6792.516,6806.206
16:45:40,6776.316,6792.516,6713.604
16:45:41,6776.316,6764.996,6767.668
16:45:42,6666.667,6721.151,6778.662
16:45:43,6776.316,6754.013,6770.416
16:45:44,6666.667,6682.974,6736.145
16:45:46,6558.441,6688.418,6730.675
16:45:47,6666.667,6650.391,6732.042
16:45:48,6666.667,6672.1,6660.563
16:45:49,6666.667,6666.667,6668.702
16:45:50,6558.441,6672.1,6663.276
16:45:51,6666.667,6688.418,6677.527
16:45:52,6666.667,6650.391,6704.059
16:45:53,6558.441,6628.738,6672.094
16:45:55,6558.441,6672.1,6678.206
16:45:56,6666.667,6655.813,6631.468
16:45:57,6558.441,6548.042,6601.8
16:45:58,6558.441,6580.228,6603.818
16:45:59,6558.441,6607.143,6583.646
16:46:00,6558.441,6585.604,6623.366
16:46:01,6666.667,6639.558,6584.319
16:46:02,6451.613,6601.752,6609.881
16:46:03,6558.441,6590.983,6632.144
16:46:05,6558.441,6580.228,6600.453
16:46:06,6451.613,6585.604,6614.598
16:46:07,6346.154,6585.604,6620.667
16:46:08,6558.441,6596.367,6592.383
16:46:09,6558.441,6542.691,6562.854
16:46:10,6666.667,6612.537,6647.695
16:46:11,6558.441,6617.934,6613.25
16:46:12,6558.441,6590.983,6581.633
16:46:13,6666.667,6548.042,6589.694
16:46:15,6558.441,6564.119,6590.365
16:46:16,6558.441,6580.228,6601.127
16:46:17,6666.667,6644.973,6628.767
16:46:18,6558.441,6574.854,6584.319
16:46:19,6558.441,6564.119,6556.157
16:46:20,6451.613,6537.342,6520.09
16:46:21,6451.613,6494.679,6498.792
16:46:22,6558.441,6473.43,6464.96
16:46:23,6558.441,6452.235,6485.507
16:46:25,6451.613,6531.998,6511.432
16:46:26,6451.613,6548.042,6490.154
16:46:27,6558.441,6531.998,6518.092
16:46:28,6558.441,6468.126,6514.761
16:46:29,6558.441,6500.001,6508.104
16:46:30,6558.441,6531.998,6546.791
16:46:31,6451.613,6553.399,6555.489
16:46:32,6451.613,6574.854,6534.097
16:46:34,6451.613,6531.998,6566.874
16:46:35,6451.613,6537.342,6549.466
16:46:36,6558.441,6505.325,6532.762
16:46:37,6558.441,6494.679,6450.407
16:46:38,6346.154,6431.095,6431.266
16:46:39,6346.154,6410.01,6362.329
16:46:40,6346.154,6341.853,6332.309
16:46:41,6242.039,6341.853,6365.599
16:46:42,6242.039,6341.853,6353.833
16:46:44,6346.154,6362.764,6326.45
16:46:45,6242.039,6341.853,6348.61
16:46:46,6242.039,6362.764,6419.407
16:46:47,6346.154,6404.747,6411.509
16:46:48,6346.154,6410.01,6369.524
16:46:49,6346.154,6388.978,6389.179
16:46:50,6451.613,6441.659,6414.8
16:46:51,6346.154,6404.747,6348.61
16:46:52,6451.613,6378.482,6401.65
16:46:54,6346.154,6378.482,6402.965
16:46:55,6346.154,6410.01,6436.542
16:46:56,6451.613,6431.095,6408.222
16:46:57,6346.154,6420.546,6395.083
16:46:58,6346.154,6357.532,6397.052
16:46:59,6346.154,6368,6374.105
16:47:00,6346.154,6284.623,6333.613
16:47:01,6242.039,6248.412,6304.348
16:47:02,6242.039,6248.412,6252.58
16:47:04,6242.039,6284.623,6233.252
16:47:05,6242.039,6269.085,6265.492
16:47:06,6139.24,6263.911,6273.247
16:47:07,6242.039,6243.252,6269.369
16:47:08,6139.24,6258.741,6244.198
16:47:09,6242.039,6331.418,6245.487
16:47:10,6242.039,6263.911,6262.908
16:47:11,6242.039,6274.26,6277.774
16:47:13,6242.039,6289.809,6231.964
16:47:14,6242.039,6284.623,6290.727
16:47:15,6242.039,6258.741,6296.561
16:47:16,6139.24,6253.576,6246.776
16:47:17,6451.613,6253.576,6246.776
16:47:18,6242.039,6258.741,6261.615
16:47:19,6242.039,6196.96,6249.355
16:47:20,6139.24,6222.645,6222.318
16:47:21,6242.039,6191.833,6227.462
16:47:23,6139.24,6202.09,6180.654
16:47:24,6139.24,6181.588,6146.203
16:47:25,6139.24,6156.033,6157.033
16:47:26,6242.039,6166.246,6176.819
16:47:27,6037.736,6176.471,6134.117
16:47:28,6037.736,6186.709,6183.851
16:47:29,6139.24,6140.739,6203.062
16:47:30,6242.039,6156.033,6190.89
16:47:31,6139.24,6186.709,6141.112
16:47:33,6139.24,6156.033,6150.661
16:47:34,6139.24,6145.833,6157.67
16:47:35,6139.24,6207.224,6176.18
16:47:36,6139.24,6156.033,6143.657
16:47:37,6139.24,6191.833,6157.67
16:47:38,6037.736,6181.588,6167.877
16:47:39,6139.24,6161.138,6141.112
16:47:40,6139.24,6156.033,6139.203
16:47:42,6139.24,6110.237,6215.894
16:47:43,5937.5,6171.356,6153.209
16:47:44,6139.24,6084.906,6164.686
16:47:45,6139.24,6135.646,6143.657
16:47:46,6037.736,6125.473,6092.903
16:47:47,6037.736,6084.906,6096.698
16:47:48,6037.736,6074.796,6073.321
16:47:49,6037.736,6039.511,6049.383
16:47:50,6037.736,6069.746,6049.383
16:47:52,5937.5,6054.614,6061.973
16:47:53,5937.5,6044.542,6033.045
16:47:54,5937.5,6034.483,6049.383
16:47:55,6037.736,5984.375,6021.127
16:47:56,5937.5,6014.402,6012.356
16:47:57,5937.5,5999.375,5984.23
16:47:58,5937.5,5964.42,6006.723
16:47:59,5937.5,5994.372,5958.069
16:48:00,5937.5,5984.375,5974.254
16:48:02,5937.5,5954.46,5925.795
16:48:03,5838.509,5924.658,5891.187
16:48:04,5937.5,5919.702,5946.263
16:48:05,5937.5,5964.42,5941.917
16:48:06,5937.5,5959.438,5912.8
16:48:07,6037.736,5959.438,5949.367
16:48:08,5838.509,5934.58,5977.371
16:48:09,5937.5,5974.391,5951.231
16:48:10,5937.5,5944.514,5979.241
16:48:12,5838.509,5984.375,5981.735
16:48:13,5937.5,5974.391,5962.424
16:48:14,5937.5,5989.372,5980.488
16:48:15,5937.5,5954.46,5973.008
16:48:16,5937.5,5959.438,5983.606
16:48:17,5937.5,5944.514,5965.535
16:48:18,5937.5,5909.798,5991.721
16:48:19,6037.736,5899.907,5902.913
16:48:21,5838.509,5909.798,5882.558
16:48:22,5838.509,5865.385,5861.027
16:48:23,5838.509,5860.466,5866.558
16:48:24,5838.509,5860.466,5851.204
16:48:25,5838.509,5870.308,5864.714
16:48:26,5740.742,5840.818,5850.59
16:48:27,5838.509,5840.818,5840.781
16:48:28,5838.509,5860.466,5818.139
16:48:29,5937.5,5801.669,5843.231
16:48:31,5740.742,5782.166,5854.272
16:48:32,5740.742,5845.726,5811.421
16:48:33,5838.509,5782.166,5792.519
16:48:34,5838.509,5762.712,5793.127
16:48:35,5740.742,5762.712,5803.489
16:48:36,5838.509,5757.856,5765.765
16:48:37,5644.172,5733.621,5723.994
16:48:38,5644.172,5728.783,5695.668
16:48:39,5644.172,5690.185,5698.075
16:48:41,5838.509,5685.373,5686.049
16:48:42,5548.781,5632.641,5651.875
16:48:43,5644.172,5618.321,5626.193
16:48:44,5740.742,5627.865,5645.895
16:48:45,5548.781,5613.553,5642.309
16:48:46,5548.781,5594.512,5642.309
16:48:47,5548.781,5637.42,5649.482
16:48:48,5548.781,5566.038,5632.754
16:48:50,5548.781,5623.091,5620.232
16:48:51,5548.781,5613.553,5614.276
16:48:52,5548.781,5623.091,5649.482
16:48:53,5548.781,5585.009,5600.594
16:48:54,5548.781,5580.262,5575.672
16:48:55,5548.781,5623.091,5590.497
16:48:56,5548.781,5551.84,5586.343
16:48:57,5548.781,5637.42,5610.705
16:48:58,5548.781,5618.321,5616.063
16:49:00,5644.172,5608.79,5611.3
16:49:01,5644.172,5618.321,5608.325
16:49:02,5644.172,5604.027,5625.596
16:49:03,5454.545,5627.865,5626.193
16:49:04,5454.545,5599.269,5597.029
16:49:05,5548.781,5608.79,5618.445
16:49:06,5548.781,5599.269,5594.059
16:49:07,5548.781,5604.027,5638.725
16:49:08,5548.781,5594.512,5597.623
16:49:10,5548.781,5613.553,5620.828
16:49:11,5740.742,5627.865,5575.08
16:49:12,5548.781,5575.518,5592.278
16:49:13,5361.446,5566.038,5591.685
16:49:14,5454.545,5594.512,5544.927
16:49:15,5548.781,5589.759,5585.157
16:49:16,5548.781,5556.57,5591.091
16:49:17,5548.781,5566.038,5572.71
16:49:18,5454.545,5532.949,5604.161
16:49:20,5548.781,5575.518,5581.599
16:49:21,5548.781,5528.234,5504.317
16:49:22,5548.781,5537.668,5557.329
16:49:23,5548.781,5509.4,5545.517
16:49:24,5454.545,5542.389,5547.288
16:49:25,5454.545,5547.113,5536.669
16:49:26,5454.545,5495.305,5544.927
16:49:27,5454.545,5518.811,5523.712
16:49:29,5454.545,5504.699,5528.422
16:49:30,5644.172,5523.521,5544.336
16:49:31,5548.781,5514.104,5524.3
16:49:32,5454.545,5490.612,5501.969
16:49:33,5361.446,5509.4,5496.103
16:49:34,5361.446,5471.87,5472.098
16:49:35,5361.446,5420.561,5438.848
16:49:36,5361.446,5443.841,5444.089
16:49:37,5361.446,5415.914,5433.029
16:49:39,5454.545,5462.515,5458.081
16:49:40,5361.446,5429.865,5441.759
16:49:41,5454.545,5415.914,5420.826
16:49:42,5454.545,5392.718,5412.12
16:49:43,5454.545,5355.749,5375.662
16:49:44,5361.446,5346.535,5356.058
16:49:45,5361.446,5337.331,5342.25
16:49:46,5361.446,5369.592,5376.816
16:49:47,5269.461,5351.141,5335.93
16:49:49,5454.545,5374.211,5377.972
16:49:50,5361.446,5351.141,5406.321
16:49:51,5361.446,5397.352,5412.699
16:49:52,5361.446,5388.087,5389.529
16:49:53,5361.446,5374.211,5398.209
16:49:54,5361.446,5346.535,5386.061
16:49:55,5361.446,5378.833,5384.327
16:49:56,5361.446,5397.352,5371.045
16:49:57,5361.446,5369.592,5349.151
16:49:59,5361.446,5341.932,5371.045
16:50:00,5269.461,5401.987,5364.701
16:50:01,5269.461,5360.361,5386.061
16:50:02,5269.461,5341.932,5405.162
16:50:03,5361.446,5360.361,5353.18
16:50:04,5361.446,5309.788,5333.059
16:50:05,5269.461,5337.331,5310.7
16:50:06,5269.461,5314.372,5342.825
16:50:08,5269.461,5300.628,5317.001
16:50:09,5178.572,5273.216,5294.688
16:50:10,5269.461,5323.547,5299.832
16:50:11,5269.461,5296.053,5280.991
16:50:12,5269.461,5273.216,5280.991
16:50:13,5178.572,5277.778,5273.581
16:50:14,5269.461,5268.657,5262.765
16:50:15,5269.461,5241.359,5267.317
16:50:16,5178.572,5250.447,5247.989
16:50:18,5269.461,5200.595,5241.746
16:50:19,5178.572,5209.635,5245.718
16:50:20,5178.572,5205.113,5193.114
16:50:21,5178.572,5187.055,5184.1
16:50:22,5088.757,5155.556,5166.105
16:50:23,5088.757,5205.113,5212.869
16:50:24,5269.461,5205.113,5182.974
16:50:25,5178.572,5187.055,5198.752
16:50:26,5178.572,5205.113,5197.061
16:50:28,5178.572,5200.595,5210.608
16:50:29,5178.572,5191.566,5180.16
16:50:30,5178.572,5187.055,5208.914
16:50:31,5178.572,5155.556,5159.929
16:50:32,5178.572,5178.042,5164.981
16:50:33,5178.572,5236.819,5156.001
16:50:34,5178.572,5196.079,5170.6
16:50:35,5178.572,5173.54,5163.858
16:50:36,5088.757,5124.188,5162.174
16:50:38,5088.757,5173.54,5144.231
16:50:39,5088.757,5155.556,5151.515
16:50:40,5088.757,5151.065,5137.513
16:50:41,5088.757,5110.784,5128.565
16:50:42,5088.757,5115.249,5109.028
16:50:43,5088.757,5128.66,5139.751
16:50:44,5178.572,5115.249,5136.394
16:50:45,5088.757,5115.249,5104.57
16:50:47,5088.757,5124.188,5104.57
16:50:48,5088.757,5101.861,5126.33
16:50:49,5178.572,5092.948,5113.49
16:50:50,5000,5106.32,5088.986
16:50:51,5088.757,5092.948,5094.548
16:50:52,5000,5106.32,5084.54
16:50:53,5088.757,5110.784,5083.984
16:50:54,5000,5079.6,5082.873
16:50:55,5088.757,5101.861,5086.762
16:50:57,5088.757,5052.973,5096.775
16:50:58,5000,5101.861,5105.128
16:50:59,5088.757,5084.045,5080.651
16:51:00,5088.757,5079.6,5083.429
16:51:01,4912.28,5070.714,5104.013
16:51:02,5000,5079.6,5088.986
16:51:03,5000,5066.274,5093.436
16:51:04,5178.572,5070.714,5071.216
16:51:05,5088.757,5092.948,5100.115
16:51:07,5088.757,5092.948,5093.992
16:51:08,5000,5088.496,5134.156
16:51:09,5088.757,5097.403,5091.767
16:51:10,5088.757,5061.837,5091.211
16:51:11,5088.757,5066.274,5114.605
16:51:12,5178.572,5092.948,5100.115
16:51:13,5088.757,5119.716,5097.888
16:51:14,5088.757,5115.249,5109.586
16:51:16,5088.757,5106.32,5108.472
